round_num,winner,reason,bomb_plant,ct_equip,t_equip,equip_gap_ct
1,ct,t_killed,,5050,4200,850
2,ct,t_killed,,18800,2700,16100
3,t,ct_killed,21621,24200,21350,2850
4,ct,t_killed,,17850,23700,-5850
5,ct,t_killed,,25600,3450,22150
6,ct,bomb_defused,43991,29250,23100,6150
7,ct,t_killed,,30250,9400,20850
8,ct,bomb_defused,61675,30350,26650,3700
9,t,bomb_exploded,70450,31350,22700,8650
10,ct,t_killed,,29650,24000,5650
11,t,ct_killed,91257,30450,22100,8350
12,t,ct_killed,101668,21900,24150,-2250
13,t,ct_killed,114041,4500,4200,300
14,t,ct_killed,,2100,19550,-17450
15,t,bomb_exploded,124988,22900,20700,2200
16,ct,t_killed,,10000,26100,-16100
17,t,bomb_exploded,144817,29550,26650,2900
18,ct,t_killed,,32200,27250,4950
19,ct,bomb_defused,161643,32150,24850,7300
20,ct,t_killed,,31900,5500,26400
21,ct,time_ran_out,,33800,21950,11850
22,ct,bomb_defused,183400,32800,10150,22650
23,ct,t_killed,,32300,26250,6050
24,t,ct_killed,199980,27500,21600,5900
