assistedflash,assister_X,assister_Y,assister_Z,assister_balance,assister_current_equip_value,assister_health,assister_place,assister_name,assister_steamid,assister_side,assister_team_num,attacker_X,attacker_Y,attacker_Z,attacker_balance,attacker_current_equip_value,attacker_health,attacker_place,attacker_name,attacker_steamid,attacker_side,attacker_team_num,attackerblind,attackerinair,ct_side,distance,dmg_armor,dmg_health,dominated,headshot,hitgroup,noreplay,noscope,penetrated,revenge,t_side,thrusmoke,tick,victim_X,victim_Y,victim_Z,victim_balance,victim_current_equip_value,victim_health,victim_place,victim_name,victim_steamid,victim_side,victim_team_num,weapon,weapon_fauxitemid,weapon_itemid,weapon_originalowner_xuid,wipe,round_num
false,,,,,,,,,,,,582.9939,2355.821,67.03125,150.0,950.0,100.0,UnderA,donk,76561198386265483,ct,3.0,false,false,ct,8.2627535,0,130,0,true,head,false,false,0,0,t,false,6208,289.722,2216.9978,98.564316,150,850,59,ExtendedA,rain,76561197997351207,t,2,elite,17293822569176498178,28717773543,"",0,1
false,1185.0608,2744.69,99.004074,150.0,1450.0,100.0,BombsiteA,sh1ro,76561198081484775,ct,3.0,1204.4102,2106.1897,0.85308385,0.0,1000.0,51.0,UnderA,magixx,76561199063238565,ct,3.0,false,false,ct,23.264069,0,117,0,true,head,false,false,0,0,t,true,6338,297.4227,2206.5916,98.37623,150,850,74,ExtendedA,broky,76561198201620490,t,2,usp_silencer,17293822569170010173,40636027453,"",0,1
false,1182.6583,2748.9622,101.70692,150.0,1450.0,100.0,BombsiteA,sh1ro,76561198081484775,ct,3.0,572.15875,2369.4927,67.03125,450.0,950.0,61.0,UnderA,donk,76561198386265483,ct,3.0,false,false,ct,7.169805,0,133,0,true,head,false,false,0,0,t,false,6341,335.04846,2228.3242,97.445274,150,850,44,ExtendedA,ropz,76561197991272318,t,2,elite,17293822569176498178,28717773543,"",0,1
false,,,,,,,,,,,,1190.0884,2311.6804,127.06926,750.0,950.0,61.0,BombsiteA,donk,76561198386265483,ct,3.0,false,false,ct,28.390524,0,89,0,true,head,false,false,0,0,t,false,6743,1466.428,1236.1152,-11.195374,0,800,31,LongA, karrigan,76561197989430253,t,2,elite,17293822569176498178,28717773543,"",0,1
false,,,,,,,,,,,,1131.6431,2797.3206,127.03125,150.0,1450.0,100.0,BombsiteA,sh1ro,76561198081484775,ct,3.0,false,false,ct,41.53651,0,103,0,true,head,false,false,0,0,t,false,6768,1393.999,1188.9264,-9.685608,150,850,100,LongA,frozen,76561198068422762,t,2,usp_silencer,17293822569123217469,40480602744,"",0,1
false,,,,,,,,,,,,-451.77185,1494.2972,-125.793396,50.0,4550.0,100.0,Middle,donk,76561198386265483,ct,3.0,false,false,ct,29.012558,0,114,0,true,head,false,false,0,0,t,false,9104,-217.88287,383.02963,-1.776062,2050,200,100,TopofMid,rain,76561197997351207,t,2,m4a1_silencer,17293822569131868220,40075772381,"",0,2
false,,,,,,,,,,,,-1130.9103,1374.7428,-111.792175,200.0,1900.0,100.0,LowerTunnel, karrigan,76561197989430253,t,2.0,false,false,ct,29.091461,25,285,0,true,head,false,false,0,0,t,false,10157,2.205824,1498.549,0.16428852,1250,3950,100,Catwalk,chopper,76561198045898864,ct,3,ssg08,17293822569163980840,23734815010,"",0,2
false,,,,,,,,,,,,1047.636,881.043,-0.12164307,0.0,3750.0,100.0,LongDoors,magixx,76561199063238565,ct,3.0,false,false,ct,11.145838,0,23,0,false,chest,false,false,0,0,t,false,13204,629.1868,750.1888,0.88442945,500,1900,9,LongDoors, karrigan,76561197989430253,t,2,mp9,17293822569177022498,35574699148,"",0,2
false,,,,,,,,,,,,1545.5854,1424.9156,1.0312519,350.0,4550.0,100.0,LongA,donk,76561198386265483,ct,3.0,false,false,ct,29.161453,0,114,0,true,head,false,false,0,0,t,false,13255,620.6159,747.5669,0.93207884,2050,1900,71,LongDoors,ropz,76561197991272318,t,2,m4a1_silencer,17293822569131868220,40075772381,"",0,2
false,969.2997,1025.297,0.2653346,600.0,3750.0,72.0,LongDoors,magixx,76561199063238565,ct,3.0,1539.8809,1406.7556,1.0312519,650.0,4550.0,100.0,LongA,donk,76561198386265483,ct,3.0,false,false,ct,29.621748,0,32,0,false,chest,false,false,0,0,t,false,13311,624.9983,683.4568,0.94302654,2050,1900,17,LongDoors,frozen,76561198068422762,t,2,m4a1_silencer,17293822569131868220,40075772381,"",0,2
false,,,,,,,,,,,,416.2482,205.36772,-1.5766602,2100.0,2450.0,100.0,OutsideLong,sh1ro,76561198081484775,ct,3.0,false,false,ct,5.2829027,0,24,0,false,chest,false,false,0,0,t,false,14077,610.4733,281.36676,1.2188432,2050,1900,12,LongDoors,broky,76561198201620490,t,2,mp9,17293822569152184354,34861873919,"",0,2
true,683.96875,-407.96863,18.953125,50.0,4600.0,100.0,OutsideLong,broky,76561198201620490,t,2.0,842.5705,927.1023,0.20831919,150.0,2950.0,92.0,LongDoors, karrigan,76561197989430253,t,2.0,true,false,ct,8.448236,6,17,0,false,stomach,false,false,0,0,t,false,16593,1041.4971,657.7581,6.870669,2200,3750,9,LongDoors,chopper,76561198045898864,ct,3,mac10,17293822569131081745,6585382273,"",0,3
false,,,,,,,,,,,,-426.88782,1620.7589,-125.94281,2350.0,4150.0,100.0,MidDoors,zont1x,76561198995880877,ct,3.0,false,false,ct,2.2262697,5,15,0,false,chest,false,false,0,0,t,true,17297,-342.10785,1601.0188,-126.814575,50,4600,10,MidDoors,ropz,76561197991272318,t,2,mp9,17293822569102704674,0,"",0,3
false,,,,,,,,,,,,-483.91333,442.4956,0.5284257,2950.0,5100.0,100.0,TopofMid,zont1x,76561198995880877,ct,3.0,false,false,ct,27.447586,4,33,0,false,stomach,false,false,0,0,t,false,18150,565.31866,183.97507,-0.7127075,750,2550,14,OutsideLong, karrigan,76561197989430253,t,2,ak47,17293822569144582151,40342529944,"",0,3
false,,,,,,,,,,,,611.1755,209.60513,-0.807251,50.0,4600.0,100.0,OutsideLong,frozen,76561198068422762,t,2.0,false,false,ct,28.546167,3,26,0,false,chest,false,false,0,0,t,false,18195,-485.28003,455.85104,0.65733147,3250,5100,22,TopofMid,zont1x,76561198995880877,ct,3,ak47,17293822569121185799,40872323706,"",0,3
false,,,,,,,,,,,,1016.0969,2465.557,170.03125,0.0,7150.0,100.0,BombsiteA,sh1ro,76561198081484775,ct,3.0,false,false,ct,14.682459,1,110,0,false,chest,false,false,0,0,t,true,20812,1270.8118,1978.474,1.0290108,350,4600,100,LongA,frozen,76561198068422762,t,2,awp,17293822569125249033,40842554415,"",0,3
false,,,,,,,,,,,,1756.8273,2052.2695,3.2508864,50.0,4200.0,20.0,LongA,rain,76561197997351207,t,2.0,true,false,ct,29.145353,3,26,0,false,chest,false,false,0,0,t,false,21973,647.1616,2343.9197,29.03125,2500,5500,23,UnderA,donk,76561198386265483,ct,3,ak47,17293822569114501127,40460308652,"",0,3
false,,,,,,,,,,,,1274.0867,2533.5664,127.03125,350.0,4400.0,13.0,BombsiteA,broky,76561198201620490,t,2.0,false,false,ct,18.920122,3,27,0,false,right_arm,false,false,0,0,t,false,22155,544.5887,2677.4485,96.28074,2350,3750,19,ExtendedA,magixx,76561199063238565,ct,3,ak47,17293822569114501127,40841626040,"",0,3
false,,,,,,,,,,,,1374.043,2400.965,31.135319,650.0,4400.0,13.0,ARamp,broky,76561198201620490,t,2.0,false,false,ct,10.048977,15,109,0,true,head,false,false,0,0,t,false,22938,1016.9833,2478.4038,170.03125,100,2450,100,BombsiteA,sh1ro,76561198081484775,ct,3,ak47,17293822569114501127,40841626040,"",0,3
false,,,,,,,,,,,,-188.9458,930.3247,1.2349558,0.0,4100.0,39.0,Catwalk,donk,76561198386265483,ct,3.0,false,false,ct,15.83947,5,24,0,false,chest,false,false,0,0,t,false,27823,-145.1623,308.28354,2.1601067,0,4200,15,TopofMid, karrigan,76561197989430253,t,2,m4a1_silencer,17293822569131868220,40075772381,"",0,4
false,,,,,,,,,,,,-185.39398,929.98724,1.1854959,300.0,4100.0,39.0,Catwalk,donk,76561198386265483,ct,3.0,false,false,ct,15.64708,5,24,0,false,right_arm,false,false,0,0,t,false,27890,-113.948,318.14816,1.0802603,1500,4900,22,TopofMid,ropz,76561197991272318,t,2,m4a1_silencer,17293822569131868220,40075772381,"",0,4
false,,,,,,,,,,,,504.99542,2685.685,95.15836,600.0,4100.0,39.0,ExtendedA,donk,76561198386265483,ct,3.0,false,false,ct,34.953472,4,22,0,false,right_arm,false,false,0,0,t,true,31316,1679.4985,1969.5205,60.03125,400,3900,22,LongA,broky,76561198201620490,t,2,m4a1_silencer,17293822569131868220,40075772381,"",0,4
false,-145.1623,308.28354,2.1601067,0.0,4200.0,0.0,TopofMid, karrigan,76561197989430253,t,2.0,1343.902,2560.0256,78.06938,200.0,4600.0,4.0,ARamp,rain,76561197997351207,t,2.0,false,false,ct,21.879023,3,26,0,false,right_arm,false,false,0,0,t,false,31362,486.7577,2643.2314,95.349846,900,4100,13,ExtendedA,donk,76561198386265483,ct,3,ak47,17293822569114501127,40460308652,"",0,4
false,760.9194,2217.1064,-51.753418,150.0,2700.0,100.0,UnderA,chopper,76561198045898864,ct,3.0,974.8537,2532.7842,96.53125,350.0,3300.0,48.0,BombsiteA,magixx,76561199063238565,ct,3.0,false,false,ct,10.184989,4,13,0,false,chest,false,false,0,0,t,false,31434,1366.1715,2628.916,85.23446,500,4600,4,ARamp,rain,76561197997351207,t,2,mp9,17293822569177022498,35574699148,"",0,4
false,533.1523,2482.2124,96.2537,150.0,2700.0,100.0,ExtendedA,chopper,76561198045898864,ct,3.0,1165.6672,2115.9692,1.0753441,0.0,4850.0,19.0,UnderA,zont1x,76561198995880877,ct,3.0,false,false,ct,5.4325733,6,32,0,false,stomach,false,false,0,0,t,false,31725,1359.7247,2206.2085,-1.9645996,1500,5000,23,LongA,frozen,76561198068422762,t,2,m4a1_silencer,17293822569167192124,40262431631,"",0,4
false,,,,,,,,,,,,191.07848,2058.2205,-123.68384,1900.0,4600.0,100.0,CTSpawn,magixx,76561199063238565,ct,3.0,false,false,ct,20.763674,0,34,0,false,chest,false,false,0,0,t,false,35689,-613.64716,2208.1646,-121.457275,1900,200,31,MidDoors, karrigan,76561197989430253,t,2,ak47,17293822569114501127,40460308652,"",0,5
false,,,,,,,,,,,,1389.8597,2300.179,7.353611,1750.0,5000.0,100.0,LongA,sh1ro,76561198081484775,ct,3.0,false,false,ct,46.24204,0,133,0,true,head,false,false,0,0,t,true,35732,-407.4735,2042.6376,-127.72778,1600,700,34,MidDoors,broky,76561198201620490,t,2,ak47,17293822569114501127,40841626040,"",0,5
false,-529.53394,2049.344,-120.18451,2050.0,1350.0,20.0,MidDoors,ropz,76561197991272318,t,2.0,-628.6929,2351.1675,-109.28259,2100.0,300.0,46.0,MidDoors,rain,76561197997351207,t,2.0,false,false,ct,22.086094,22,81,0,true,head,false,false,0,0,t,false,35787,195.00034,2073.8203,-123.8974,2200,4600,11,CTSpawn,magixx,76561199063238565,ct,3,p250,17293822569178267684,34938646291,"",0,5
false,195.04495,2074.5276,-123.905945,2200.0,4600.0,0.0,CTSpawn,magixx,76561199063238565,ct,3.0,-1359.7865,2177.1023,2.0602543,300.0,4150.0,16.0,BombsiteB,chopper,76561198045898864,ct,3.0,false,false,ct,16.729319,0,86,0,true,head,false,false,0,0,t,false,35969,-816.34863,2542.4353,-52.120483,2400,300,25,MidDoors,rain,76561197997351207,t,2,mp9,17293822569174401058,37371933191,"",0,5
false,-816.34863,2542.4353,-52.120483,2400.0,300.0,0.0,MidDoors,rain,76561197997351207,t,2.0,-627.4344,2313.814,-115.05737,2400.0,1000.0,100.0,MidDoors,frozen,76561198068422762,t,2.0,false,false,ct,18.057497,1,39,0,false,chest,false,false,0,0,t,false,36030,-1321.2407,2223.3752,2.3554192,900,4150,16,BDoors,chopper,76561198045898864,ct,3,deagle,17293822569105129473,25248730147,"",0,5
false,1287.0282,2128.0623,-0.39337158,2050.0,5000.0,44.0,LongA,sh1ro,76561198081484775,ct,3.0,-1274.217,2683.3027,130.03125,1850.0,4950.0,62.0,Hole,zont1x,76561198995880877,ct,3.0,false,false,ct,17.16633,5,24,0,false,left_arm,false,false,0,0,t,false,36131,-924.0815,2140.104,-67.15442,2050,1350,20,MidDoors,ropz,76561197991272318,t,2,m4a1_silencer,17293822569131868220,40075772381,"",0,5
false,,,,,,,,,,,,-629.7409,2333.4822,-112.10809,2700.0,1000.0,100.0,MidDoors,frozen,76561198068422762,t,2.0,false,false,ct,19.412569,1,38,0,false,chest,false,false,0,0,t,false,36168,-1274.0233,2664.9778,130.03125,2150,4950,24,Hole,zont1x,76561198995880877,ct,3,deagle,17293822569105129473,25248730147,"",0,5
false,,,,,,,,,,,,257.21188,2328.8245,-118.96875,2050.0,5000.0,44.0,CTSpawn,sh1ro,76561198081484775,ct,3.0,false,false,ct,20.824263,0,34,0,false,chest,false,false,0,0,t,false,36604,-442.07068,1901.3679,-125.97705,3000,1000,32,MidDoors,frozen,76561198068422762,t,2,ak47,17293822569114501127,40841626040,"",0,5
true,398.9162,2264.2278,-125.818054,150.0,4950.0,100.0,CTSpawn,zont1x,76561198995880877,ct,3.0,-408.57593,2368.457,-103.66553,3400.0,6100.0,100.0,MidDoors,donk,76561198386265483,ct,3.0,false,false,ct,15.984497,3,27,0,false,chest,false,false,0,0,t,false,41782,-328.33032,1744.0337,-117.70453,100,4400,17,MidDoors, karrigan,76561197989430253,t,2,ak47,17293822569114501127,40460308652,"",0,6
false,,,,,,,,,,,,-1856.9309,2477.6658,28.997679,150.0,7450.0,100.0,BombsiteB,sh1ro,76561198081484775,ct,3.0,false,false,ct,23.244959,1,110,0,false,chest,false,false,0,0,t,false,41986,-1945.6108,1573.1284,35.109375,50,4800,99,UpperTunnel,ropz,76561197991272318,t,2,awp,17293822569125249033,40842554415,"",0,6
false,-1018.4374,2408.086,-16.067993,3700.0,6100.0,100.0,BDoors,donk,76561198386265483,ct,3.0,106.71034,2225.271,-124.91681,150.0,4950.0,67.0,CTSpawn,zont1x,76561198995880877,ct,3.0,false,false,ct,19.805447,6,30,0,false,stomach,false,false,0,0,t,true,42281,-583.42633,1862.461,-119.14923,0,5000,19,MidDoors,rain,76561197997351207,t,2,m4a1_silencer,17293822569167192124,40262431631,"",0,6
false,,,,,,,,,,,,286.33737,1685.4941,47.72539,600.0,5050.0,100.0,ShortStairs,magixx,76561199063238565,ct,3.0,false,false,ct,19.881905,5,24,0,false,chest,false,false,0,0,t,false,44214,336.22778,2464.7847,96.952194,600,5000,4,ExtendedA,frozen,76561198068422762,t,2,m4a1_silencer,17293822569167192124,40373300886,"",0,6
false,-583.2554,1862.1814,-119.1535,0.0,5000.0,0.0,MidDoors,rain,76561197997351207,t,2.0,1173.1677,2636.5774,96.537125,400.0,4100.0,100.0,BombsiteA,broky,76561198201620490,t,2.0,false,false,ct,9.228173,0,118,0,true,head,false,false,0,0,t,false,44316,1141.7948,2275.989,67.375,450,4950,67,UnderA,zont1x,76561198995880877,ct,3,galilar,17293822569130754061,40867433352,"",0,6
false,1575.4425,2173.9988,-8.39386,1650.0,4900.0,36.0,LongA,chopper,76561198045898864,ct,3.0,1312.0413,2365.55,78.8889,3700.0,6100.0,100.0,ARamp,donk,76561198386265483,ct,3.0,false,false,ct,6.9803333,2,20,0,false,chest,false,false,1,0,t,false,44447,1220.2384,2624.0076,97.431404,700,4100,19,BombsiteA,broky,76561198201620490,t,2,ak47,17293822569114501127,40460308652,"",0,6
false,,,,,,,,,,,,1673.6027,1956.2544,57.84673,2650.0,7950.0,100.0,LongA,sh1ro,76561198081484775,ct,3.0,true,false,ct,32.87241,1,109,0,false,chest,false,false,0,0,t,true,52589,412.8025,2232.0208,95.747765,1750,1550,100,ExtendedA,rain,76561197997351207,t,2,awp,17293822569125249033,40842554415,"",0,7
false,,,,,,,,,,,,186.03966,2151.4136,-124.344666,3400.0,6100.0,100.0,CTSpawn,donk,76561198386265483,ct,3.0,false,false,ct,22.198502,0,139,0,true,head,false,false,0,0,t,false,52830,1039.5483,2038.8491,2.8182979,1950,1550,6,UnderA, karrigan,76561197989430253,t,2,ak47,17293822569114501127,40460308652,"",0,7
false,,,,,,,,,,,,1440.8761,2657.0378,86.514206,4050.0,5200.0,78.0,ARamp,chopper,76561198045898864,ct,3.0,false,false,ct,24.211267,15,107,0,true,head,false,false,0,0,t,false,52839,526.64923,2394.5266,127.117165,1300,3200,60,ExtendedA,frozen,76561198068422762,t,2,ak47,17293822569114501127,40841626040,"",0,7
false,,,,,,,,,,,,927.0351,2133.0474,-13.680847,3700.0,6100.0,100.0,UnderA,donk,76561198386265483,ct,3.0,false,false,ct,11.583791,15,109,0,true,head,false,false,0,0,t,true,53151,496.35318,2247.841,97.78574,1550,2000,46,ExtendedA,ropz,76561197991272318,t,2,ak47,17293822569114501127,40460308652,"",0,7
false,,,,,,,,,,,,1315.9348,2388.7917,83.894806,4350.0,5200.0,32.0,ARamp,chopper,76561198045898864,ct,3.0,false,false,ct,22.016493,0,103,0,true,head,false,false,1,0,t,false,53334,458.49075,2515.7117,95.39871,3200,2500,32,ExtendedA,broky,76561198201620490,t,2,ak47,17293822569114501127,40841626040,"",0,7
false,647.26324,2071.8782,-82.15198,4700.0,5000.0,100.0,UnderA,magixx,76561199063238565,ct,3.0,-1449.4354,2552.662,2.4843836,3700.0,5000.0,74.0,BombsiteB,zont1x,76561198995880877,ct,3.0,false,false,ct,25.76887,5,23,0,false,chest,false,false,0,0,t,false,61005,-2007.2587,1705.4833,32.24318,100,4800,12,UpperTunnel,frozen,76561198068422762,t,2,m4a1_silencer,17293822569131868220,40075772381,"",0,8
false,-2008.3773,1762.8131,31.950352,50.0,4300.0,92.0,UpperTunnel,ropz,76561197991272318,t,2.0,-1363.5557,2168.2153,2.058348,550.0,4400.0,100.0,BombsiteB, karrigan,76561197989430253,t,2.0,false,false,ct,10.00242,15,109,0,true,head,false,false,0,0,t,false,61067,-1405.2465,2559.361,3.4171782,4000,5000,74,BombsiteB,zont1x,76561198995880877,ct,3,ak47,17293822569114501127,30147549220,"",0,8
false,,,,,,,,,,,,-1418.3715,1908.7256,6.056101,6400.0,5200.0,96.0,BombsiteB,chopper,76561198045898864,ct,3.0,false,false,ct,6.836911,16,110,0,true,head,false,false,0,0,t,false,61083,-1355.362,2169.0547,2.085681,850,4400,100,BombsiteB, karrigan,76561197989430253,t,2,ak47,17293822569114501127,40841626040,"",0,8
false,,,,,,,,,,,,-2014.9081,1876.1335,1.0321283,50.0,4300.0,92.0,BombsiteB,ropz,76561197991272318,t,2.0,false,false,ct,14.045439,15,109,0,true,head,false,false,0,0,t,false,61168,-1462.8282,1916.0751,3.4798384,6700,5200,96,BombsiteB,chopper,76561198045898864,ct,3,ak47,17293822569144582151,40342529944,"",0,8
false,-1698.9668,2578.0366,7.904442,450.0,6650.0,100.0,BombsiteB,broky,76561198201620490,t,2.0,-1906.0989,1841.9604,17.832008,350.0,4300.0,92.0,BombsiteB,ropz,76561197991272318,t,2.0,false,false,ct,4.3175793,4,27,0,false,chest,false,false,0,0,t,false,63139,-2001.472,1703.4668,31.975174,4700,5000,10,UpperTunnel,magixx,76561199063238565,ct,3,ak47,17293822569144582151,40342529944,"",0,8
false,,,,,,,,,,,,-1984.2087,1609.0493,31.524914,5950.0,6100.0,100.0,UpperTunnel,donk,76561198386265483,ct,3.0,false,false,ct,25.236221,3,25,0,true,head,false,false,1,0,t,false,63225,-1697.8663,2561.833,18.765625,450,6650,22,BombsiteB,broky,76561198201620490,t,2,ak47,17293822569114501127,40460308652,"",0,8
false,,,,,,,,,,,,-2017.1925,1621.5444,32.289547,6250.0,6100.0,61.0,UpperTunnel,donk,76561198386265483,ct,3.0,false,false,ct,6.1835346,16,110,0,true,head,false,false,0,0,t,false,63273,-1901.1542,1834.3549,23.349787,650,4300,65,BombsiteB,ropz,76561197991272318,t,2,ak47,17293822569114501127,40460308652,"",0,8
false,-1462.8282,1916.0751,3.4798384,6700.0,5200.0,0.0,BombsiteB,chopper,76561198045898864,ct,3.0,-1986.1842,1737.3716,31.46605,6550.0,6100.0,61.0,UpperTunnel,donk,76561198386265483,ct,3.0,false,false,ct,27.19678,15,106,0,true,head,false,false,0,0,t,false,63531,-1403.4073,2632.4976,123.746086,250,5100,40,BombsiteB,rain,76561197997351207,t,2,ak47,17293822569114501127,40460308652,"",0,8
true,678.7729,-207.09369,61.53125,50.0,4600.0,100.0,OutsideLong,broky,76561198201620490,t,2.0,986.24426,1080.7992,0.6837516,50.0,5000.0,100.0,LongDoors, karrigan,76561197989430253,t,2.0,true,false,ct,16.665354,4,33,0,false,stomach,false,false,0,0,t,false,66674,1007.9517,425.3716,7.4700007,6150,6100,19,LongDoors,donk,76561198386265483,ct,3,ak47,17293822569114501127,30147549220,"",0,9
false,,,,,,,,,,,,-444.8114,1623.8667,-125.87567,250.0,4600.0,62.0,MidDoors,ropz,76561197991272318,t,2.0,false,false,ct,16.065603,15,108,0,true,head,false,false,0,0,t,false,67415,-420.0962,2254.4092,-117.691284,4800,5800,100,MidDoors,zont1x,76561198995880877,ct,3,ak47,17293822569144582151,40342529944,"",0,9
false,,,,,,,,,,,,-1878.0593,1814.0312,79.03125,350.0,4100.0,77.0,BombsiteB,broky,76561198201620490,t,2.0,false,false,ct,21.663044,15,107,0,true,head,false,false,0,0,t,false,72305,-1172.0305,2282.835,4.5928736,4300,5900,48,BDoors,chopper,76561198045898864,ct,3,ak47,17293822569114501127,40841626040,"",0,9
false,,,,,,,,,,,,-1184.3134,2382.417,23.888504,2800.0,5400.0,79.0,BDoors,magixx,76561199063238565,ct,3.0,false,false,ct,19.664331,18,84,0,true,head,false,false,0,0,t,false,72598,-1672.5833,1781.9645,1.4751153,650,4100,53,BombsiteB,broky,76561198201620490,t,2,m4a1_silencer,17293822569167192124,40373300886,"",0,9
false,,,,,,,,,,,,-1716.3475,1967.913,-4.4575806,350.0,4300.0,63.0,BombsiteB, karrigan,76561197989430253,t,2.0,false,false,ct,17.260601,3,27,0,false,chest,false,false,0,0,t,false,72670,-1133.6405,2317.1072,5.0754924,3100,5400,19,BDoors,magixx,76561199063238565,ct,3,ak47,17293822569114501127,30147549220,"",0,9
false,,,,,,,,,,,,,,,,,,,,,,,false,false,ct,0.0,67,67,0,false,generic,false,false,0,0,t,false,73074,-1707.9681,1620.0312,2.8103437,650,4100,63,BombsiteB, karrigan,76561197989430253,t,2,planted_c4,"","","",0,9
false,,,,,,,,,,,,-342.1859,1695.044,-124.325195,750.0,5150.0,73.0,MidDoors,chopper,76561198045898864,ct,3.0,false,false,ct,1.8264265,19,92,0,true,head,false,false,0,0,t,false,79313,-410.88892,1685.0317,-126.100525,2450,5000,78,MidDoors,rain,76561197997351207,t,2,m4a1,17293822569158017040,27813215647,"",0,10
false,-410.88892,1685.0317,-126.100525,2450.0,5000.0,0.0,MidDoors,rain,76561197997351207,t,2.0,-333.5478,1512.6837,-125.54382,100.0,4200.0,100.0,MidDoors,frozen,76561198068422762,t,2.0,false,false,ct,5.6927605,1,8,0,false,left_arm,false,false,1,0,t,false,79390,-359.8546,1736.2778,-124.440674,1050,5150,2,MidDoors,chopper,76561198045898864,ct,3,ak47,17293822569121185799,40872323706,"",0,10
false,,,,,,,,,,,,-251.06152,308.96585,-0.28735352,150.0,4750.0,100.0,TopofMid,magixx,76561199063238565,ct,3.0,false,false,ct,26.51999,5,23,0,false,left_arm,false,false,0,0,t,false,79979,-328.95746,1347.6274,-30.78125,1950,4800,15,Middle, karrigan,76561197989430253,t,2,m4a1_silencer,17293822569167192124,40373300886,"",0,10
false,,,,,,,,,,,,-295.84497,1758.9398,-106.80316,400.0,4200.0,79.0,MidDoors,frozen,76561198068422762,t,2.0,false,false,ct,6.547973,16,110,0,true,head,false,false,0,0,t,false,80476,-511.92535,1898.0178,-121.27228,600,5600,100,MidDoors,zont1x,76561198995880877,ct,3,ak47,17293822569121185799,40872323706,"",0,10
false,,,,,,,,,,,,-244.12573,310.3919,-0.2755127,450.0,4750.0,100.0,TopofMid,magixx,76561199063238565,ct,3.0,false,false,ct,29.4558,17,80,0,true,head,false,false,0,0,t,false,80877,-508.7251,1434.0021,-110.96875,700,4200,79,Middle,frozen,76561198068422762,t,2,m4a1_silencer,17293822569167192124,40373300886,"",0,10
false,,,,,,,,,,,,-363.29993,452.25882,-4.600952,750.0,4750.0,100.0,TopofMid,magixx,76561199063238565,ct,3.0,false,false,ct,25.634714,6,29,0,false,stomach,false,false,0,0,t,false,81093,-506.80798,1447.0605,-110.96875,250,5000,25,Middle,ropz,76561197991272318,t,2,m4a1_silencer,17293822569167192124,40373300886,"",0,10
false,,,,,,,,,,,,-404.20044,451.24533,-5.0202026,1050.0,4750.0,74.0,TopofMid,magixx,76561199063238565,ct,3.0,false,false,ct,24.283594,5,23,0,false,chest,false,false,0,0,t,false,81156,-486.73975,1399.1676,-110.96875,2050,4500,18,Middle,broky,76561198201620490,t,2,m4a1_silencer,17293822569167192124,40373300886,"",0,10
false,,,,,,,,,,,,609.9946,2123.2656,-91.46912,450.0,5100.0,11.0,UnderA,rain,76561197997351207,t,2.0,false,false,ct,17.145863,15,108,0,true,head,false,false,0,0,t,false,90258,-56.671997,2020.4843,-121.47327,1600,4800,67,CTSpawn,chopper,76561198045898864,ct,3,ak47,17293822569114501127,40460308652,"",0,11
false,,,,,,,,,,,,1116.3607,2783.3196,123.443245,2300.0,4100.0,100.0,BombsiteA,magixx,76561199063238565,ct,3.0,false,false,ct,21.143267,15,107,0,true,head,false,false,0,0,t,false,90403,407.05252,2349.5764,95.53067,50,4800,100,ExtendedA, karrigan,76561197989430253,t,2,ak47,17293822569114501127,40460308652,"",0,11
false,,,,,,,,,,,,421.347,2001.0284,132.53125,150.0,5000.0,100.0,ExtendedA,broky,76561198201620490,t,2.0,true,false,ct,26.560295,0,25,0,false,right_leg,false,false,0,0,t,false,90463,1125.5464,2773.9014,117.48479,2600,4100,8,BombsiteA,magixx,76561199063238565,ct,3,ak47,17293822569114501127,40841626040,"",0,11
false,-56.69037,2020.6166,-121.47272,1600.0,4800.0,0.0,CTSpawn,chopper,76561198045898864,ct,3.0,955.0385,2176.8145,-4.5095825,1000.0,5600.0,100.0,UnderA,donk,76561198386265483,ct,3.0,false,false,ct,16.395,15,108,0,true,head,false,false,0,0,t,false,91446,327.50714,2059.3818,96.50682,750,5100,11,ExtendedA,rain,76561197997351207,t,2,ak47,17293822569121185799,40872323706,"",0,11
false,,,,,,,,,,,,1240.5941,828.16425,0.180202,100.0,3700.0,68.0,LongDoors,frozen,76561198068422762,t,2.0,false,false,ct,37.17658,12,87,0,true,head,false,false,0,0,t,false,91622,1310.7526,2290.0823,14.755659,1300,5600,13,LongA,donk,76561198386265483,ct,3,galilar,17293822569170731021,39085570724,"",0,11
false,1231.9283,828.8545,0.13034105,400.0,3700.0,68.0,LongDoors,frozen,76561198068422762,t,2.0,1277.9164,2793.9873,127.03125,750.0,4200.0,100.0,BombsiteA,broky,76561198201620490,t,2.0,false,false,ct,11.807171,3,27,0,false,chest,false,false,0,0,t,false,91650,1300.1085,2341.7869,25.70687,6250,8150,16,ARamp,sh1ro,76561198081484775,ct,3,ak47,17293822569114501127,40841626040,"",0,11
false,,,,,,,,,,,,267.71414,2339.1685,-119.96875,1150.0,5800.0,51.0,CTSpawn,zont1x,76561198995880877,ct,3.0,false,false,ct,23.792387,5,23,0,false,chest,false,false,0,0,t,false,91852,-543.5243,1871.2307,-120.12128,50,3300,2,MidDoors,ropz,76561197991272318,t,2,m4a1_silencer,17293822569168306236,40856973416,"",0,11
false,1310.1074,2290.1238,14.760803,1300.0,5600.0,0.0,LongA,donk,76561198386265483,ct,3.0,941.3788,2369.673,2.7068014,1450.0,5800.0,51.0,UnderA,zont1x,76561198995880877,ct,3.0,false,false,ct,12.57027,6,31,0,false,stomach,false,false,0,0,t,false,92395,1299.1638,2028.327,1.031249,400,3700,18,LongA,frozen,76561198068422762,t,2,m4a1_silencer,17293822569168306236,40856973416,"",0,11
false,-543.5467,1871.2706,-120.119385,50.0,3300.0,0.0,MidDoors,ropz,76561197991272318,t,2.0,1062.1581,2322.406,127.24002,1050.0,4200.0,100.0,BombsiteA,broky,76561198201620490,t,2.0,false,false,ct,4.3185124,16,110,0,true,head,false,false,0,0,t,false,92435,959.2462,2375.965,9.3295,1750,5800,25,UnderA,zont1x,76561198995880877,ct,3,ak47,17293822569114501127,40841626040,"",0,11
true,168.39241,167.45544,63.28125,150.0,5000.0,100.0,OutsideLong,frozen,76561198068422762,t,2.0,646.7705,758.6879,0.7849722,1200.0,3700.0,31.0,LongDoors, karrigan,76561197989430253,t,2.0,false,false,ct,14.521832,0,117,0,true,head,false,false,0,0,t,true,97405,1018.2618,1191.5365,0.4393053,100,2900,56,LongDoors,chopper,76561198045898864,ct,3,galilar,17293822569170731021,39085570724,"",0,12
false,,,,,,,,,,,,220.32884,1457.2123,-0.100097656,150.0,5000.0,100.0,Catwalk,frozen,76561198068422762,t,2.0,false,false,ct,26.471437,0,138,0,true,head,false,false,0,0,t,false,100510,671.8467,2387.7656,127.03125,50,7300,100,UnderA,sh1ro,76561198081484775,ct,3,ak47,17293822569114501127,40841626040,"",0,12
false,,,,,,,,,,,,1471.8217,1507.1775,-8.144836,1500.0,3700.0,31.0,LongA, karrigan,76561197989430253,t,2.0,false,false,ct,26.732647,0,115,0,true,head,false,false,0,0,t,false,100930,1088.461,2483.4426,95.58827,150,2400,100,BombsiteA,magixx,76561199063238565,ct,3,galilar,17293822569170731021,39085570724,"",0,12
false,1016.8126,1191.8168,0.45276356,100.0,2900.0,0.0,LongDoors,chopper,76561198045898864,ct,3.0,808.44476,866.4006,0.053998947,150.0,3200.0,100.0,LongDoors,zont1x,76561198995880877,ct,3.0,false,false,ct,21.493084,16,49,0,true,head,false,false,0,0,t,false,101342,1485.5668,1374.273,-9.482239,1800,3700,7,LongA, karrigan,76561197989430253,t,2,mp9,17293822569102704674,0,"",0,12
false,,,,,,,,,,,,-295.11084,2280.9978,-117.859375,150.0,4700.0,9.0,MidDoors,donk,76561198386265483,ct,3.0,false,false,ct,9.369795,5,25,0,false,right_arm,false,false,0,0,t,false,101675,-417.8783,1933.091,-127.18713,0,3500,12,MidDoors,ropz,76561197991272318,t,2,m4a1_silencer,17293822569167192124,40373300886,"",0,12
false,997.29004,2322.4983,22.860098,0.0,3900.0,100.0,UnderA,rain,76561197997351207,t,2.0,1095.423,2437.3582,96.35136,450.0,4200.0,81.0,BombsiteA,frozen,76561198068422762,t,2.0,false,false,ct,21.445059,0,139,0,true,head,false,false,0,0,t,false,103037,299.19345,2156.8088,98.308586,750,3200,47,ExtendedA,zont1x,76561198995880877,ct,3,ak47,17293822569114501127,40841626040,"",0,12
false,-417.8783,1933.091,-127.18713,0.0,3500.0,0.0,MidDoors,ropz,76561197991272318,t,2.0,1000.9558,2304.2852,21.455017,0.0,3900.0,100.0,UnderA,rain,76561197997351207,t,2.0,false,false,ct,14.926244,3,27,0,false,chest,false,false,0,0,t,true,103058,489.55112,2039.4362,132.53125,450,4300,9,ExtendedA,donk,76561198386265483,ct,3,ak47,17293822569114501127,40460308652,"",0,12
false,,,,,,,,,,,,,,,,,,,,,,,false,false,ct,0.0,89,408,0,false,generic,false,false,0,0,t,false,104292,1216.4781,2580.066,98.39572,3850,7350,84,BombsiteA,broky,76561198201620490,t,2,planted_c4,"","","",0,12
false,,,,,,,,,,,,,,,,,,,,,,,false,false,ct,0.0,84,389,0,false,generic,false,false,0,0,t,false,104292,1094.7776,2438.4907,96.27965,4000,2450,33,BombsiteA,frozen,76561198068422762,t,2,planted_c4,"","","",0,12
false,,,,,,,,,,,,,,,,,,,,,,,false,false,ct,0.0,100,317,0,false,generic,false,false,0,0,t,false,104292,1000.9558,2304.2852,21.455017,3550,3700,100,UnderA,rain,76561197997351207,t,2,planted_c4,"","","",0,12
false,,,,,,,,,,,,-934.4161,1443.3888,-112.671875,150.0,850.0,100.0,LowerTunnel,donk,76561198386265483,t,2.0,false,false,ct,9.840488,0,106,0,true,head,false,false,0,0,t,false,110041,-557.8776,1353.5626,-110.40735,150,950,100,LowerTunnel,frozen,76561198068422762,ct,3,glock,17293822569102901252,37939107280,"",0,13
false,,,,,,,,,,,,-2056.9683,2934.3865,33.580482,150.0,1150.0,64.0,BombsiteB,ropz,76561197991272318,ct,3.0,false,false,ct,45.423958,0,100,0,true,head,false,false,0,0,t,false,112428,-2011.6792,1149.2596,34.529182,150,1250,82,UpperTunnel,sh1ro,76561198081484775,t,2,usp_silencer,17293822569135734845,40220757743,"",0,13
false,,,,,,,,,,,,-2028.1082,1261.0833,32.701885,100.0,900.0,75.0,UpperTunnel,magixx,76561199063238565,t,2.0,false,false,ct,44.352783,0,68,0,true,head,false,false,0,0,t,false,112452,-2066.2751,3012.1975,34.2969,450,1150,51,BombsiteB,ropz,76561197991272318,ct,3,glock,17293822569105850372,37867616311,"",0,13
false,,,,,,,,,,,,-1436.5784,2684.898,14.305286,150.0,850.0,100.0,BombsiteB,rain,76561197997351207,ct,3.0,true,false,ct,27.351692,0,114,0,true,head,false,false,0,0,t,false,112610,-1976.1091,1761.4996,31.755857,450,950,100,UpperTunnel,donk,76561198386265483,t,2,usp_silencer,17293822569172500541,40460299986,"",0,13
false,,,,,,,,,,,,-1990.5516,1741.4822,31.602463,150.0,850.0,100.0,UpperTunnel,zont1x,76561198995880877,t,2.0,false,false,ct,27.799986,0,84,0,true,head,false,false,0,0,t,false,112703,-1456.6936,2696.1924,14.010694,450,850,7,BombsiteB,rain,76561197997351207,ct,3,glock,17293822569105195012,38160702877,"",0,13
true,-775.0712,2183.5413,-112.33142,0.0,700.0,100.0,MidDoors, karrigan,76561197989430253,ct,3.0,-1373.5577,2601.3047,119.03125,150.0,850.0,51.0,Hole,broky,76561198201620490,ct,3.0,false,false,ct,3.7047813,0,34,0,false,chest,false,false,0,0,t,false,113239,-1366.0328,2565.972,4.6348586,400,200,33,BombsiteB,magixx,76561199063238565,t,2,usp_silencer,17293822569167650877,40832189493,"",0,13
false,,,,,,,,,,,,-1652.44,1647.3639,2.355443,450.0,850.0,100.0,BombsiteB,zont1x,76561198995880877,t,2.0,false,false,ct,25.542576,0,86,0,true,head,false,false,0,0,t,false,113257,-1368.9279,2602.9646,119.03125,450,850,41,Hole,broky,76561198201620490,ct,3,glock,17293822569105195012,38160702877,"",0,13
false,,,,,,,,,,,,-1960.7076,2452.8535,23.041838,750.0,850.0,100.0,BombsiteB,zont1x,76561198995880877,t,2.0,false,false,ct,17.39021,0,96,0,true,head,false,false,0,0,t,false,114604,-1320.2582,2676.3086,130.03125,0,700,76,Hole, karrigan,76561197989430253,ct,3,glock,17293822569105195012,38160702877,"",0,13
false,,,,,,,,,,,,-571.06805,1514.2268,-110.71875,0.0,3900.0,85.0,LowerTunnel,donk,76561198386265483,t,2.0,false,false,ct,22.64355,0,28,0,false,chest,false,false,0,0,t,true,118111,-198.4414,710.44934,1.3446574,1600,500,6,TopofMid, karrigan,76561197989430253,ct,3,galilar,17293822569130754061,39986541823,"",0,14
false,-188.07422,1389.4406,-0.14013672,2050.0,500.0,100.0,Catwalk,ropz,76561197991272318,ct,3.0,-487.0066,1579.4375,-123.97632,2150.0,400.0,86.0,MidDoors,rain,76561197997351207,ct,3.0,false,false,ct,38.787334,25,53,0,true,head,false,false,0,0,t,true,118313,-455.48315,57.693462,-0.20892334,100,3450,46,TopofMid,chopper,76561198045898864,t,2,usp_silencer,17293822569172500541,40460299986,"",0,14
false,,,,,,,,,,,,-556.0314,1489.4894,-110.94928,100.0,3900.0,77.0,LowerTunnel,sh1ro,76561198081484775,t,2.0,false,false,ct,7.7074122,0,29,0,false,chest,false,false,0,0,t,false,118339,-377.86572,1244.4517,-116.652954,2050,500,16,Middle,broky,76561198201620490,ct,3,galilar,17293822569179906061,40688486926,"",0,14
false,,,,,,,,,,,,-488.31317,1382.2454,-110.96875,300.0,3900.0,39.0,Middle,donk,76561198386265483,t,2.0,false,false,ct,28.9068,0,114,0,true,head,false,false,0,0,t,false,118395,-424.84094,248.1251,-0.7200928,2050,200,100,TopofMid,frozen,76561198068422762,ct,3,galilar,17293822569130754061,39986541823,"",0,14
false,,,,,,,,,,,,-489.96832,1259.9673,-110.81384,600.0,3900.0,39.0,Middle,donk,76561198386265483,t,2.0,false,false,ct,7.040744,0,118,0,true,head,false,false,0,0,t,false,118467,-256.26178,1280.4661,32.117165,2050,500,100,Catwalk,ropz,76561197991272318,ct,3,galilar,17293822569130754061,39986541823,"",0,14
false,,,,,,,,,,,,-1640.7656,2211.8008,-3.4958496,50.0,5100.0,100.0,BombsiteB,zont1x,76561198995880877,t,2.0,false,false,ct,44.264706,0,66,0,true,head,false,false,1,0,t,false,118927,98.7177,2136.1917,-123.894165,2450,400,61,CTSpawn,rain,76561197997351207,ct,3,ak47,17293822569132589063,40724074368,"",0,14
false,,,,,,,,,,,,606.05164,2472.602,96.708244,950.0,5100.0,49.0,ExtendedA,donk,76561198386265483,t,2.0,false,false,ct,31.63663,0,136,0,true,head,false,false,0,0,t,true,125099,1673.2336,1836.7738,0.37293053,150,4250,100,LongA, karrigan,76561197989430253,ct,3,ak47,17293822569150152711,40566747801,"",0,15
false,,,,,,,,,,,,938.7241,2752.404,100.213875,2200.0,4100.0,98.0,BombsiteA,magixx,76561199063238565,t,2.0,false,false,ct,15.397029,0,117,0,true,head,false,false,0,0,t,true,125277,1499.4664,2526.9133,54.477768,0,5050,91,ARamp,rain,76561197997351207,ct,3,galilar,17293822569130754061,27460201203,"",0,15
false,416.20566,2364.1868,95.52738,1250.0,5100.0,49.0,ExtendedA,donk,76561198386265483,t,2.0,1083.5353,2774.9827,118.16887,2500.0,4100.0,98.0,BombsiteA,magixx,76561199063238565,t,2.0,false,false,ct,25.182835,0,115,0,true,head,false,false,0,0,t,false,125412,1779.8911,2077.9265,3.818087,200,4050,74,LongA,broky,76561198201620490,ct,3,galilar,17293822569130754061,27460201203,"",0,15
false,,,,,,,,,,,,1157.3815,2829.837,127.03125,2800.0,4100.0,26.0,BombsiteA,magixx,76561199063238565,t,2.0,false,false,ct,13.150313,0,117,0,true,head,false,false,0,0,t,false,125509,1435.5261,2406.1592,25.294983,100,4550,78,ARamp,frozen,76561198068422762,ct,3,galilar,17293822569130754061,27460201203,"",0,15
false,,,,,,,,,,,,1273.3809,2012.3533,1.4445853,1950.0,4600.0,100.0,LongA,ropz,76561197991272318,ct,3.0,false,false,ct,26.464636,17,81,0,true,head,false,false,0,0,t,true,136174,284.559,2328.0413,98.01789,3650,4200,81,ExtendedA,chopper,76561198045898864,t,2,m4a1_silencer,17293822569131868220,40244265855,"",0,16
false,,,,,,,,,,,,1280.2983,2015.8448,1.3698511,2250.0,4600.0,74.0,LongA,ropz,76561197991272318,ct,3.0,false,false,ct,25.468487,5,23,0,false,chest,false,false,0,0,t,true,136308,323.3033,2299.448,97.38126,3550,5100,19,ExtendedA,donk,76561198386265483,t,2,m4a1_silencer,17293822569131868220,40244265855,"",0,16
false,,,,,,,,,,,,-198.4784,499.58194,-0.83374023,1450.0,1750.0,100.0,TopofMid,rain,76561197997351207,ct,3.0,false,false,ct,22.329638,3,80,0,true,head,false,false,0,0,t,false,137340,-289.64038,1373.6821,-27.96875,6150,4100,61,Middle,sh1ro,76561198081484775,t,2,fiveseven,17293822569148121091,27596584272,"",0,16
false,,,,,,,,,,,,-405.50818,1713.2528,-127.61578,5500.0,5300.0,48.0,MidDoors,zont1x,76561198995880877,t,2.0,true,false,ct,12.751334,0,124,0,true,head,false,false,0,0,t,false,137457,-498.00903,2206.4912,-122.3501,1400,1650,14,MidDoors, karrigan,76561197989430253,ct,3,m4a1_silencer,17293822569115091004,40315615987,"",0,16
false,-497.6678,2206.5498,-122.35242,1400.0,1650.0,0.0,MidDoors, karrigan,76561197989430253,ct,3.0,-456.7008,2278.5056,-115.35327,2900.0,700.0,71.0,MidDoors,broky,76561198201620490,ct,3.0,false,false,ct,9.57533,25,90,0,true,head,false,false,0,0,t,false,137587,-346.9635,1919.3585,-124.74597,5800,5300,48,MidDoors,zont1x,76561198995880877,t,2,p250,17293822569129181220,40660726428,"",0,16
false,,,,,,,,,,,,261.21124,1462.1573,0.17510414,1750.0,4050.0,100.0,ShortStairs,rain,76561197997351207,ct,3.0,false,false,ct,24.207157,17,82,0,true,head,false,false,0,0,t,false,138373,559.0965,2357.731,127.03125,5200,5100,9,UnderA,magixx,76561199063238565,t,2,m4a1_silencer,17293822569179840572,40371790913,"",0,16
false,,,,,,,,,,,,1285.2262,2577.092,127.03125,1800.0,4600.0,100.0,ARamp,magixx,76561199063238565,t,2.0,false,false,ct,7.7788877,16,110,0,true,head,false,false,0,0,t,false,144005,987.9668,2503.1453,131.8125,1750,5700,100,BombsiteA, karrigan,76561197989430253,ct,3,ak47,17293822569150152711,40392219325,"",0,17
false,,,,,,,,,,,,1195.9265,2532.6758,172.03125,2100.0,4600.0,100.0,BombsiteA,magixx,76561199063238565,t,2.0,false,false,ct,14.947173,15,109,0,true,head,false,false,0,0,t,false,144326,640.9139,2379.362,67.03125,3050,5400,100,UnderA,rain,76561197997351207,ct,3,ak47,17293822569150152711,40392219325,"",0,17
false,,,,,,,,,,,,-455.28198,1658.1914,-125.017944,2550.0,5000.0,100.0,MidDoors,donk,76561198386265483,t,2.0,true,false,ct,13.947953,15,109,0,true,head,false,false,0,0,t,false,151931,-310.99878,2188.1594,-126.12329,1450,7650,73,MidDoors,ropz,76561197991272318,ct,3,ak47,17293822569150152711,40566747801,"",0,18
false,,,,,,,,,,,,-1390.9827,2702.3584,125.03125,900.0,7050.0,100.0,Hole,broky,76561198201620490,ct,3.0,false,false,ct,28.664541,5,438,0,true,head,false,false,0,0,t,false,152299,-419.99268,2193.149,-124.113525,2650,4400,100,MidDoors,chopper,76561198045898864,t,2,awp,17293822569160835081,40858039158,"",0,18
false,,,,,,,,,,,,-1402.0024,2211.444,0.031249046,1000.0,7050.0,100.0,BombsiteB,broky,76561198201620490,ct,3.0,false,false,ct,8.410402,1,111,0,false,chest,false,false,0,0,t,false,152601,-1072.5781,2199.282,-13.3012085,2850,5000,100,BDoors,donk,76561198386265483,t,2,awp,17293822569160835081,40858039158,"",0,18
false,,,,,,,,,,,,-338.89282,2330.2583,-109.25842,150.0,4700.0,99.0,MidDoors,rain,76561197997351207,ct,3.0,false,false,ct,10.78427,19,90,0,true,head,false,false,0,0,t,false,152758,-700.3426,2105.3306,-115.1604,4500,5000,56,MidDoors,magixx,76561199063238565,t,2,m4a1,17293822569148252176,40209621740,"",0,18
false,,,,,,,,,,,,-379.20068,1919.1337,-126.3587,3500.0,7050.0,100.0,MidDoors,sh1ro,76561198081484775,t,2.0,false,false,ct,11.536487,1,138,0,false,stomach,false,false,0,0,t,false,152805,-382.7389,2374.1187,-101.70947,450,4700,99,MidDoors,rain,76561197997351207,ct,3,awp,17293822569125249033,40842554415,"",0,18
false,,,,,,,,,,,,-800.5342,2114.923,-104.83783,3600.0,7050.0,100.0,MidDoors,sh1ro,76561198081484775,t,2.0,false,false,ct,10.805502,1,111,0,false,chest,false,false,0,0,t,false,153336,-376.06958,2100.8364,-128.66205,850,6100,100,MidDoors,frozen,76561198068422762,ct,3,awp,17293822569125249033,40842554415,"",0,18
false,,,,,,,,,,,,-1571.773,2601.232,4.227826,1100.0,7050.0,86.0,BombsiteB,broky,76561198201620490,ct,3.0,false,false,ct,19.519072,1,110,0,false,chest,false,false,0,0,t,false,153443,-1724.706,1846.0847,0.9022093,5000,5100,100,BombsiteB,zont1x,76561198995880877,t,2,awp,17293822569160835081,40858039158,"",0,18
false,,,,,,,,,,,,447.68604,2125.7944,-127.44098,1250.0,5700.0,100.0,CTSpawn, karrigan,76561197989430253,ct,3.0,false,false,ct,33.755142,6,28,0,false,stomach,false,false,0,0,t,false,153597,-880.38336,2123.2742,-80.04718,3700,6450,12,MidDoors,sh1ro,76561198081484775,t,2,m4a1_silencer,17293822569131868220,40244265855,"",0,18
false,,,,,,,,,,,,865.044,918.29865,0.30292845,1000.0,6100.0,40.0,LongDoors, karrigan,76561197989430253,ct,3.0,true,false,ct,4.920119,5,100,0,true,head,false,false,0,0,t,false,158800,677.1147,962.7869,-0.22772217,1000,5100,69,LongDoors,magixx,76561199063238565,t,2,aug,17293822569147924488,21980436867,"",0,19
false,678.2515,964.8717,-0.19818115,1000.0,5100.0,0.0,LongDoors,magixx,76561199063238565,t,2.0,516.02795,1006.8947,1.2353919,50.0,4600.0,44.0,LongDoors,donk,76561198386265483,t,2.0,true,false,ct,8.886116,4,34,0,false,stomach,false,false,0,0,t,false,158863,859.82007,938.02155,0.22761178,1300,6100,13,LongDoors, karrigan,76561197989430253,ct,3,ak47,17293822569150152711,40566747801,"",0,19
false,859.82007,938.02155,0.22761178,1300.0,6100.0,0.0,LongDoors, karrigan,76561197989430253,ct,3.0,1450.1124,891.54205,-9.464478,800.0,5700.0,100.0,LongA,rain,76561197997351207,ct,3.0,false,false,ct,23.744495,6,29,0,false,stomach,false,false,0,0,t,true,158930,516.14435,929.3364,2.0246344,350,4600,7,LongDoors,donk,76561198386265483,t,2,m4a1_silencer,17293822569179840572,40832191021,"",0,19
false,,,,,,,,,,,,-518.49347,974.9333,-41.17993,2000.0,7650.0,100.0,Middle,ropz,76561197991272318,ct,3.0,false,false,ct,35.077686,1,109,0,false,right_arm,false,false,0,0,t,false,159139,378.11282,-79.268005,-4.958191,700,6650,100,OutsideLong,sh1ro,76561198081484775,t,2,awp,17293822569160835081,40858039158,"",0,19
false,,,,,,,,,,,,-1727.473,2283.4045,-0.18670654,150.0,4400.0,40.0,BombsiteB,zont1x,76561198995880877,t,2.0,false,false,ct,9.5028925,0,141,0,true,head,false,false,0,0,t,false,160346,-1503.9923,2583.2031,3.062862,50,5050,100,BombsiteB,frozen,76561198068422762,ct,3,ak47,17293822569150152711,40842554403,"",0,19
false,-1504.1871,2583.3167,3.0677872,50.0,5050.0,0.0,BombsiteB,frozen,76561198068422762,ct,3.0,-1666.8551,1024.4974,30.463734,1100.0,5100.0,100.0,UpperTunnel,rain,76561197997351207,ct,3.0,false,false,ct,15.278934,15,108,0,true,head,false,false,0,0,t,false,161589,-2015.8048,1514.4497,33.109688,450,4200,40,UpperTunnel,zont1x,76561198995880877,t,2,ak47,17293822569150152711,40566747801,"",0,19
false,,,,,,,,,,,,-1869.8918,2478.3706,27.645603,450.0,6650.0,90.0,BombsiteB,chopper,76561198045898864,t,2.0,true,false,ct,16.029905,1,110,0,false,chest,false,false,0,0,t,false,162001,-2040.6998,1873.3093,0.27030993,1400,5100,100,BombsiteB,rain,76561197997351207,ct,3,awp,17293822569125249033,40633820854,"",0,19
false,-2040.6998,1873.3093,0.27030993,1400.0,5100.0,0.0,BombsiteB,rain,76561197997351207,ct,3.0,-2086.3623,1845.8281,15.026048,150.0,4400.0,100.0,BombsiteB,broky,76561198201620490,ct,3.0,false,false,ct,19.383804,15,108,0,true,head,false,false,0,0,t,false,162100,-1703.9497,2507.3835,69.859375,550,6650,51,BombsiteB,chopper,76561198045898864,t,2,ak47,17293822569150152711,40842554403,"",0,19
false,,,,,,,,,,,,-1224.2678,2290.0693,7.113283,850.0,5900.0,100.0,BDoors,frozen,76561198068422762,ct,3.0,false,false,ct,10.218854,0,32,0,false,chest,false,false,0,0,t,false,166925,-1479.0579,1980.125,2.678751,1750,1200,4,BombsiteB,zont1x,76561198995880877,t,2,m4a1,17293822569141239824,40640425565,"",0,20
false,,,,,,,,,,,,-1227.3436,2229.857,3.3667245,1150.0,5900.0,100.0,BDoors,frozen,76561198068422762,ct,3.0,false,false,ct,24.790545,0,124,0,true,head,false,false,0,0,t,false,166964,-2123.1748,1847.8173,2.794611,1200,1850,100,BombsiteB,chopper,76561198045898864,t,2,m4a1,17293822569141239824,40640425565,"",0,20
false,,,,,,,,,,,,-1449.8021,2052.4941,2.718473,1700.0,1150.0,78.0,BombsiteB,donk,76561198386265483,t,2.0,false,false,ct,5.899422,5,107,0,true,head,false,false,0,0,t,false,167035,-1311.0841,2238.4907,1.8092117,1450,5900,100,BDoors,frozen,76561198068422762,ct,3,tec9,17293822569132785694,36403365445,"",0,20
false,,,,,,,,,,,,-1254.2671,2665.3835,127.40086,250.0,7150.0,100.0,Hole,broky,76561198201620490,ct,3.0,false,false,ct,14.468243,1,110,0,false,chest,false,false,0,0,t,false,167404,-1812.3302,2759.078,32.35065,2000,1150,78,BombsiteB,donk,76561198386265483,t,2,awp,17293822569125249033,40842554415,"",0,20
false,,,,,,,,,,,,-1273.9612,2614.165,114.81425,350.0,7150.0,22.0,Hole,broky,76561198201620490,ct,3.0,false,false,ct,30.347252,0,118,0,true,head,false,false,0,0,t,false,167703,-342.7439,1901.3932,-121.90729,2700,500,64,MidDoors,sh1ro,76561198081484775,t,2,p250,17293822569129181220,40660726428,"",0,20
false,-342.7439,1901.3932,-121.90729,2700.0,500.0,0.0,MidDoors,sh1ro,76561198081484775,t,2.0,-1667.3667,2803.5305,17.867794,1900.0,1300.0,100.0,BombsiteB,magixx,76561199063238565,t,2.0,false,false,ct,11.177516,1,24,0,false,chest,false,false,0,0,t,false,167771,-1261.4733,2667.8132,130.03125,650,7150,22,Hole,broky,76561198201620490,ct,3,tec9,17293822569127215134,35574699134,"",0,20
false,-1713.5305,2122.1611,-5.307617,0.0,4800.0,100.0,BombsiteB,rain,76561197997351207,ct,3.0,-1765.835,2601.5525,32.800903,1600.0,7650.0,100.0,BombsiteB,ropz,76561197991272318,ct,3.0,true,false,ct,2.98419,0,34,0,false,chest,false,false,0,0,t,false,168079,-1656.3943,2634.82,6.121191,2200,1300,30,BombsiteB,magixx,76561199063238565,t,2,usp_silencer,17293822569135734845,40220757743,"",0,20
false,,,,,,,,,,,,-1001.02203,2134.0242,-31.903503,2000.0,5900.0,87.0,BDoors,frozen,76561198068422762,ct,3.0,false,false,ct,11.204033,6,28,0,false,stomach,false,false,0,0,t,false,173562,-566.3858,2149.5986,-120.09149,450,2750,10,MidDoors,chopper,76561198045898864,t,2,m4a1,17293822569184952336,40249609943,"",0,21
false,,,,,,,,,,,,-1310.5841,2680.0637,130.03125,1050.0,7950.0,100.0,Hole,ropz,76561197991272318,ct,3.0,true,false,ct,27.046814,1,137,0,false,stomach,false,false,0,0,t,false,173712,-2109.749,1988.0957,2.7727199,0,4600,99,BombsiteB,donk,76561198386265483,t,2,awp,17293822569160835081,40858039158,"",0,21
false,,,,,,,,,,,,-1299.2783,2680.9404,130.03125,1150.0,7950.0,100.0,Hole,ropz,76561197991272318,ct,3.0,false,false,ct,29.875172,1,136,0,false,stomach,false,false,0,0,t,false,173824,-2136.9705,1868.4567,3.4824643,150,4200,100,BombsiteB,zont1x,76561198995880877,t,2,awp,17293822569160835081,40858039158,"",0,21
false,,,,,,,,,,,,-1303.9003,2675.2297,130.03125,1250.0,7950.0,100.0,Hole,ropz,76561197991272318,ct,3.0,false,false,ct,30.043713,1,136,0,false,stomach,false,false,0,0,t,true,174024,-2136.716,1844.9897,3.416963,300,5000,78,BombsiteB,sh1ro,76561198081484775,t,2,awp,17293822569160835081,40858039158,"",0,21
false,,,,,,,,,,,,-92.97632,-697.61597,27.747679,0.0,4800.0,100.0,TSpawn,magixx,76561199063238565,t,2.0,false,false,ct,29.90255,4,33,0,false,stomach,false,false,0,0,t,false,176907,641.7828,221.74625,-0.7550049,650,6400,15,OutsideLong, karrigan,76561197989430253,ct,3,ak47,17293822569150152711,40392219325,"",0,21
false,,,,,,,,,,,,1497.5448,1882.0349,-9.580139,4650.0,5500.0,37.0,LongA,frozen,76561198068422762,ct,3.0,false,false,ct,17.411161,4,33,0,false,stomach,false,false,0,0,t,false,182194,952.42896,2296.921,7.4709296,1450,2200,27,UnderA,chopper,76561198045898864,t,2,ak47,17293822569150152711,40566747801,"",0,22
false,,,,,,,,,,,,1300.5753,2626.188,95.83442,2450.0,6950.0,100.0,ARamp,broky,76561198201620490,ct,3.0,true,false,ct,24.709566,1,109,0,false,chest,false,false,0,0,t,false,182205,347.28152,2439.851,96.525986,0,2200,100,ExtendedA,magixx,76561199063238565,t,2,awp,17293822569125249033,40842554415,"",0,22
false,1478.5737,1891.196,-10.448425,4950.0,5500.0,37.0,LongA,frozen,76561198068422762,ct,3.0,1300.7059,2586.7366,88.84503,2550.0,6950.0,100.0,ARamp,broky,76561198201620490,ct,3.0,false,false,ct,23.708078,1,137,0,false,stomach,false,false,0,0,t,false,182505,368.7896,2565.9023,96.13307,1600,1150,26,ExtendedA,zont1x,76561198995880877,t,2,awp,17293822569125249033,40842554415,"",0,22
false,952.42896,2296.921,7.4709296,1450.0,2200.0,0.0,UnderA,chopper,76561198045898864,t,2.0,356.22925,2503.7258,96.48015,1100.0,4100.0,100.0,ExtendedA,donk,76561198386265483,t,2.0,false,false,ct,32.56505,3,26,0,false,chest,false,false,0,0,t,false,182577,1494.8783,1923.9581,-10.592102,4950,5500,11,LongA,frozen,76561198068422762,ct,3,ak47,17293822569150152711,40392219325,"",0,22
false,,,,,,,,,,,,1063.8529,2062.0542,1.2017708,2900.0,800.0,100.0,UnderA,sh1ro,76561198081484775,t,2.0,false,false,ct,9.07144,25,90,0,true,head,false,false,0,0,t,false,182917,1322.0309,2306.9426,16.848166,2650,6950,78,ARamp,broky,76561198201620490,ct,3,p250,17293822569119612964,17900517530,"",0,22
false,,,,,,,,,,,,1233.2758,2774.9724,118.162384,1400.0,3900.0,100.0,BombsiteA,donk,76561198386265483,t,2.0,false,false,ct,22.523539,15,107,0,true,head,false,false,0,0,t,false,183029,1522.4249,1947.4083,-10.1203,1000,4800,26,LongA, karrigan,76561197989430253,ct,3,ak47,17293822569150152711,40392219325,"",0,22
false,,,,,,,,,,,,442.89124,2036.7537,132.53125,1000.0,5900.0,100.0,ExtendedA,rain,76561197997351207,ct,3.0,false,false,ct,26.340252,18,86,0,true,head,false,false,0,0,t,false,184709,1438.8055,2291.739,1.6341643,2000,3900,81,LongA,donk,76561198386265483,t,2,m4a1,17293822569148252176,40209621740,"",0,22
false,,,,,,,,,,,,1316.5984,1892.7994,1.03125,3200.0,3000.0,4.0,LongA,sh1ro,76561198081484775,t,2.0,false,false,ct,8.469864,3,27,0,false,chest,false,false,0,0,t,false,185100,1145.9559,2177.604,3.7917747,3600,6950,19,UnderA,ropz,76561197991272318,ct,3,ak47,17293822569150152711,40566747801,"",0,22
false,1522.4249,1947.4083,-10.1203,1000.0,4800.0,0.0,LongA, karrigan,76561197989430253,ct,3.0,1168.0973,2440.8757,96.109695,1300.0,5900.0,100.0,BombsiteA,rain,76561197997351207,ct,3.0,false,false,ct,14.693286,0,31,0,false,right_arm,false,false,0,0,t,false,185131,1274.5903,1880.0542,1.955564,3500,3000,4,LongA,sh1ro,76561198081484775,t,2,m4a1,17293822569148252176,40209621740,"",0,22
false,,,,,,,,,,,,-420.52094,2406.299,-93.775085,50.0,7250.0,100.0,MidDoors,ropz,76561197991272318,ct,3.0,false,false,ct,75.9762,5,422,0,true,head,false,false,0,0,t,false,187600,-388.88953,-583.7523,1.5231569,650,7050,100,TopofMid,sh1ro,76561198081484775,t,2,awp,17293822569179381769,39871427258,"",0,23
false,,,,,,,,,,,,727.8499,544.4443,0.47452545,1200.0,4200.0,83.0,LongDoors,donk,76561198386265483,t,2.0,true,false,ct,5.229457,16,110,0,true,head,false,false,0,0,t,false,191691,571.24207,678.00146,1.2329359,1100,5800,92,LongDoors,frozen,76561198068422762,ct,3,ak47,17293822569150152711,40566747801,"",0,23
true,1215.6095,1184.7582,0.18425608,1500.0,4400.0,59.0,LongDoors,donk,76561198386265483,t,2.0,623.4689,690.76117,0.94743896,100.0,6850.0,100.0,LongDoors,magixx,76561199063238565,t,2.0,true,false,ct,28.879797,1,109,0,false,chest,false,false,0,0,t,false,192082,1506.1737,1407.4282,-7.296875,1600,6100,100,LongA, karrigan,76561197989430253,ct,3,awp,17293822569125249033,40842554415,"",0,23
false,1275.2001,1068.9794,-0.06390381,700.0,4800.0,100.0,LongA,zont1x,76561198995880877,t,2.0,1248.5999,1183.2212,0.033154726,1500.0,4400.0,8.0,LongDoors,donk,76561198386265483,t,2.0,false,false,ct,13.779069,15,109,0,true,head,false,false,0,0,t,false,192446,1307.6516,1722.3844,1.03125,250,7550,6,LongA,broky,76561198201620490,ct,3,ak47,17293822569150152711,40566747801,"",0,23
false,,,,,,,,,,,,569.27875,2367.3623,67.03125,1100.0,5400.0,100.0,UnderA,rain,76561197997351207,ct,3.0,false,false,ct,22.33402,15,107,0,true,head,false,false,0,0,t,false,193216,1355.681,2754.5288,107.635376,700,4500,93,ARamp,zont1x,76561198995880877,t,2,ak47,17293822569150152711,40566747801,"",0,23
false,,,,,,,,,,,,1077.2751,2282.4033,75.953125,150.0,7250.0,100.0,UnderA,ropz,76561197991272318,ct,3.0,false,true,ct,7.9954047,1,139,0,false,stomach,false,true,0,0,t,true,193454,1136.3394,2583.4946,96.310646,650,3900,52,BombsiteA,chopper,76561198045898864,t,2,awp,17293822569179381769,39871427258,"",0,23
false,1355.681,2754.5288,107.635376,700.0,4500.0,0.0,ARamp,zont1x,76561198995880877,t,2.0,576.00543,2427.787,127.03125,1400.0,5400.0,100.0,ExtendedA,rain,76561197997351207,ct,3.0,false,false,ct,31.27268,4,33,0,false,stomach,false,false,0,0,t,false,193550,1742.0586,2035.8748,60.03125,1800,5950,8,LongA,donk,76561198386265483,t,2,ak47,17293822569150152711,40566747801,"",0,23
false,,,,,,,,,,,,1691.3716,2080.2568,58.2382,200.0,4900.0,41.0,LongA,magixx,76561199063238565,t,2.0,false,false,ct,22.991804,1,24,0,false,chest,false,false,0,0,t,false,194101,791.59515,2076.1306,-46.06897,1700,5400,4,UnderA,rain,76561197997351207,ct,3,aug,17293822569147924488,22317572655,"",0,23
false,791.59515,2076.1306,-46.06897,1700.0,5400.0,0.0,UnderA,rain,76561197997351207,ct,3.0,933.216,2330.8047,2.0211668,250.0,7250.0,3.0,UnderA,ropz,76561197991272318,ct,3.0,false,false,ct,20.322025,0,84,0,false,right_leg,false,false,0,0,t,false,194146,1679.2032,2047.5355,60.75042,500,4900,41,LongA,magixx,76561199063238565,t,2,awp,17293822569179381769,39871427258,"",0,23
false,-1178.9677,2484.9946,40.873116,100.0,4450.0,100.0,BDoors,frozen,76561198068422762,ct,3.0,-1252.0634,2665.5225,126.32062,0.0,5000.0,100.0,Hole,ropz,76561197991272318,ct,3.0,false,false,ct,18.064177,5,27,0,false,stomach,false,false,0,0,t,false,199318,-845.59924,2125.1357,-93.1264,150,3500,14,MidDoors,chopper,76561198045898864,t,2,m4a1,17293822569184952336,40249609943,"",0,24
false,,,,,,,,,,,,-629.8954,2383.4197,-103.285706,0.0,4100.0,69.0,MidDoors,magixx,76561199063238565,t,2.0,false,false,ct,14.835429,0,117,0,true,head,false,false,0,0,t,false,199337,-1184.6699,2478.724,40.628807,100,4450,78,BDoors,frozen,76561198068422762,ct,3,galilar,17293822569130754061,27460201203,"",0,24
false,158.27374,2339.107,-119.7323,150.0,5500.0,100.0,CTSpawn,rain,76561197997351207,ct,3.0,-1268.4606,2620.643,119.132935,300.0,5000.0,100.0,Hole,ropz,76561197991272318,ct,3.0,false,false,ct,18.08224,5,27,0,false,stomach,false,false,0,0,t,false,199372,-631.71936,2390.5334,-101.77429,300,4100,19,MidDoors,magixx,76561199063238565,t,2,m4a1,17293822569184952336,40249609943,"",0,24
false,,,,,,,,,,,,-789.4105,2096.215,-106.04285,150.0,4100.0,100.0,MidDoors,sh1ro,76561198081484775,t,2.0,false,false,ct,18.995417,4,28,0,false,stomach,false,false,0,0,t,false,199429,-1266.684,2629.4636,125.013306,600,5000,9,Hole,ropz,76561197991272318,ct,3,galilar,17293822569179906061,40688486926,"",0,24
false,-1885.2646,1850.4601,11.66561,400.0,5000.0,100.0,BombsiteB,donk,76561198386265483,t,2.0,-1673.7712,1683.5798,2.3737953,100.0,4200.0,100.0,BombsiteB,zont1x,76561198995880877,t,2.0,false,false,ct,16.248867,3,27,0,false,chest,false,false,0,0,t,false,201085,-1321.3552,2215.7883,2.3554173,150,5500,19,BDoors,rain,76561197997351207,ct,3,ak47,17293822569132589063,40724074368,"",0,24
false,,,,,,,,,,,,-1319.2648,2681.099,130.03125,150.0,4300.0,100.0,Hole, karrigan,76561197989430253,ct,3.0,false,false,ct,26.443687,6,29,0,false,stomach,false,false,0,0,t,false,201305,-1893.1722,1819.4839,25.333988,400,5000,3,BombsiteB,donk,76561198386265483,t,2,m4a1_silencer,17293822569167192124,30147640710,"",0,24
false,,,,,,,,,,,,-1338.902,2186.1511,2.116681,300.0,4900.0,73.0,BDoors,broky,76561198201620490,ct,3.0,false,false,ct,15.86987,5,24,0,false,chest,false,false,0,0,t,false,201322,-1661.0872,1651.3092,2.3638456,400,4200,15,BombsiteB,zont1x,76561198995880877,t,2,m4a1_silencer,17293822569115091004,40315615987,"",0,24
false,,,,,,,,,,,,-1546.9424,2590.3408,3.6629553,750.0,4100.0,100.0,BombsiteB,sh1ro,76561198081484775,t,2.0,false,false,ct,6.9419236,3,23,0,false,chest,false,false,0,0,t,false,201348,-1320.387,2674.227,130.03125,450,4300,12,Hole, karrigan,76561197989430253,ct,3,galilar,17293822569179906061,40688486926,"",0,24
false,-1661.0872,1651.3092,2.3638456,400.0,4200.0,0.0,BombsiteB,zont1x,76561198995880877,t,2.0,-1540.7865,2622.9136,4.6183476,1050.0,4100.0,100.0,BombsiteB,sh1ro,76561198081484775,t,2.0,false,false,ct,10.720025,13,91,0,true,head,false,false,0,0,t,true,201562,-1704.339,2234.3965,-1.9721069,600,4900,73,BombsiteB,broky,76561198201620490,ct,3,galilar,17293822569179906061,40688486926,"",0,24
